material;modelo;color;genero;categoria;descripcion;por_pedir;en_bodega;en_transito
1029802;KS86;BIRCH/STAR WHITE;WOMEN;;KS86 W-BIRCH/STAR WHITE;664;2;0
1028997;TARGHEE IV WP;BISON/BLACK;MEN;;TARGHEE IV WP M-BISON/BLACK;662;0;0
1027160;ELLE BACKSTRAP;BRINDLE/BIRCH;WOMEN;;ELLE BACKSTRAP W-BRINDLE/BIRCH;650;11;0
1030988;ELLE BACKSTRAP WIDE;BRINDLE/BIRCH;WOMEN;;ELLE BACKSTRAP WIDE W-BRINDLE/BIRCH;643;0;0
1022427;TARGHEE III SANDAL;BISON/MULCH;MEN;;TARGHEE III SANDAL M-BISON/MULCH;640;2;0
1022620;ELLE BACKSTRAP;BLACK;WOMEN;;ELLE BACKSTRAP W-BLACK;639;0;0
1023594;ASTORIA WEST SANDAL;BLACK/GREY;WOMEN;;ASTORIA WEST SANDAL W-BLACK/GREY;619;0;0
1032054;TARGHEE APEX MID WP;DARK OLIVE/KHAKI;MEN;;TARGHEE APEX MID WP M-DARK OLIVE/KHAKI;618;0;0
1030348;HIGHTRAIL MID WP;SAFARI/CHIPMUNK;WOMEN;;HIGHTRAIL MID WP W-SAFARI/CHIPMUNK;617;0;0
1032515;TARGHEE APEX MID WP;ALLOY/BLACK;MEN;;TARGHEE APEX MID WP M-ALLOY/BLACK;614;0;0
1032049;TARGHEE APEX MID WP;LILY PAD/FIG;WOMEN;;TARGHEE APEX MID WP W-LILY PAD/FIG;604;0;0
1030141;ELLE BACKSTRAP;CORNSTALK/BLACK;WOMEN;;ELLE BACKSTRAP W-CORNSTALK/BLACK;603;0;0
1031647;TARGHEE IV OXFORD;BLACK;MEN;;TARGHEE IV OXFORD M-BLACK;601;0;0
1032524;ELLE BACKSTRAP WIDE;CORNSTALK/BLACK;WOMEN;;ELLE BACKSTRAP WIDE W-CORNSTALK/BLACK;585;0;0
1031958;WHISPER LITE;SAFARI/BIRCH;WOMEN;;WHISPER LITE W-SAFARI/BIRCH;583;0;0
1031980;WHISPER LATTICE;LILY PAD/PLAZA TAUPE;WOMEN;;WHISPER LATTICE W-LILY PAD/PLAZA TAUPE;581;0;0
1028988;TARGHEE IV MID WP;BISON/BLACK;MEN;;TARGHEE IV MID WP M-BISON/BLACK;579;0;0
1031745;HYPERPORT H2;NAVAL ACADEMY/STEEL GREY;MEN;;HYPERPORT H2 M-NAVAL ACADEMY/STEEL GREY;573;3;0
1031901;ELLE MILA BACKSTRAP;BIRCH/BIRCH;WOMEN;;ELLE MILA BACKSTRAP W-BIRCH/BIRCH;572;0;0
1030987;ELLE BACKSTRAP WIDE;BLACK;WOMEN;;ELLE BACKSTRAP WIDE W-BLACK;571;0;0
1022423;TARGHEE III OPEN TOE SANDAL;BISON/MULCH;MEN;;TARGHEE III OPEN TOE SANDAL M-BISON/MULC;571;2;0
1032047;TARGHEE APEX MID WP;VAPOR/BALLAD BLUE;WOMEN;;TARGHEE APEX MID WP W-VAPOR/BALLAD BLUE;564;0;0
1031163;TARGHEE IV SLIP-ON;JAVA/BLACK;MEN;;TARGHEE IV SLIP-ON M-JAVA/BLACK;562;3;0
1031981;WHISPER LATTICE;PLAZA TAUPE/SILVER BIRCH;WOMEN;;WHISPER LATTICE W-PLAZA TAUPE/SILVER BIR;555;0;0
1030622;KNX T-TOE;BLACK/BLACK;MEN;;KNX T-TOE M-BLACK/BLACK;545;0;0
1032225;BALI TG LTR;CHIPMUNK/BIRCH;WOMEN;;BALI TG LTR W-CHIPMUNK/BIRCH;538;0;0
1016733;ROSE SANDAL;GARGOYLE/RAVEN;WOMEN;;ROSE SANDAL W-GARGOYLE/RAVEN;531;0;0
1031824;KS86 LEA;BIRCH/STAR WHITE;MEN;;KS86 LEA M-BIRCH/STAR WHITE;530;0;0
1031648;TARGHEE IV OXFORD;JAVA/BLACK;MEN;;TARGHEE IV OXFORD M-JAVA/BLACK;530;0;0
1032226;BALI TG LTR;LILY PAD/STEEL GREY;WOMEN;;BALI TG LTR W-LILY PAD/STEEL GREY;529;0;0
1031310;KOSA OXFORD;BLACK/BLACK;WOMEN;;KOSA OXFORD W-BLACK/BLACK;527;0;0
1032292;HIGHTRAIL MID WP;BRINDLE/PINK LEMONADE;WOMEN;;HIGHTRAIL MID WP W-BRINDLE/PINK LEMONADE;526;0;0
1032789;UNEEK TREKKER;BIRCH/PEACH TREE;WOMEN;;UNEEK TREKKER W-BIRCH/PEACH TREE;524;0;0
1032118;NEWPORT H2;TRI-BLOCK VAPOR;WOMEN;;NEWPORT H2 W-TRI-BLOCK VAPOR;523;0;0
1032799;JASPER ZIONIC WP;STEEL GREY/BLACK;WOMEN;;JASPER ZIONIC WP W-STEEL GREY/BLACK;518;0;0
1032669;JASPER ZIONIC;BRINDLE/BIRCH;WOMEN;;JASPER ZIONIC W-BRINDLE/BIRCH;517;0;0
1032798;JASPER ZIONIC WP;BLACK/VIOLET QUARTZ;WOMEN;;JASPER ZIONIC WP W-BLACK/VIOLET QUARTZ;513;0;0
1008417;TARGHEE II WP;CASCADE BROWN/GOLDEN YELLOW;MEN;;TARGHEE II WP M-CASCADE BROWN/GOLDEN YEL;513;0;0
1015704;TARGHEE II WP WIDE;CASCADE BROWN/GOLDEN YELLOW;MEN;;TARGHEE II WP WIDE M-CASCADE BROWN/GOLDE;511;0;0
1030626;KNX T-TOE;BIRCH/BIRCH;WOMEN;;KNX T-TOE W-BIRCH/BIRCH;508;0;0
1031173;TARGHEE IV OXFORD WIDE;JAVA/BLACK;MEN;;TARGHEE IV OXFORD WIDE M-JAVA/BLACK;505;0;0
1031773;TARGHEE IV MID WP;JAVA/BRINDLE;MEN;;TARGHEE IV MID WP M-JAVA/BRINDLE;501;0;0
1032554;JASPER MERKO;BLACK/BLACK;MEN;;JASPER MERKO M-BLACK/BLACK;498;0;0
1032787;UNEEK TREKKER;PLAZA TAUPE/CAMEO ROSE;WOMEN;;UNEEK TREKKER W-PLAZA TAUPE/CAMEO ROSE;498;0;0
1031897;ELLE MILA BACKSTRAP;BRINDLE;WOMEN;;ELLE MILA BACKSTRAP W-BRINDLE;497;0;0
1030671;NEWPORT H2;MONOCHROME/PLAZA TAUPE;MEN;;NEWPORT H2 M-MONOCHROME/PLAZA TAUPE;496;0;0
1029134;WAIMEA TG;BLACK/BLACK;WOMEN;;WAIMEA TG W-BLACK/BLACK;496;0;0
1031753;HYPERPORT H2;CAMEO ROSE/BIRCH;WOMEN;;HYPERPORT H2 W-CAMEO ROSE/BIRCH;495;0;0
1002435;PYRENEES;SYRUP;MEN;;PYRENEES M-SYRUP;494;0;0
1032287;TARGHEE APEX WP;BRINDLE/CANTEEN;MEN;;TARGHEE APEX WP M-BRINDLE/CANTEEN;493;3;0
1031836;HIGHTRAIL MID WP;ALLOY/THISTLE;WOMEN;;HIGHTRAIL MID WP W-ALLOY/THISTLE;488;0;0
1031799;KS86;ABBEY STONE/BRINDLE;WOMEN;;KS86 W-ABBEY STONE/BRINDLE;488;0;0
1032033;TARGHEE APEX WP;BLACK/ABBEY STONE;MEN;;TARGHEE APEX WP M-BLACK/ABBEY STONE;488;3;0
1031743;HYPERPORT H2;STEEL GREY/BURNT BRICK;MEN;;HYPERPORT H2 M-STEEL GREY/BURNT BRICK;487;0;0
1030627;KNX T-TOE;CHIPMUNK/BIRCH;WOMEN;;KNX T-TOE W-CHIPMUNK/BIRCH;487;0;0
1032620;HOWSER III SLIDE;FRONTIER FLANNEL RED;MEN;;HOWSER III SLIDE M-FRONTIER FLANNEL RED;486;0;0
1032645;JASPER ZIONIC;CHIPMUNK/HUCKLEBERRY;MEN;;JASPER ZIONIC M-CHIPMUNK/HUCKLEBERRY;484;0;0
1031822;KS86 LEA;BLACK;MEN;;KS86 LEA M-BLACK;484;0;0
1029000;TARGHEE IV VENT;ALLOY/GRANITE GREEN;WOMEN;;TARGHEE IV VENT W-ALLOY/GRANITE GREEN;481;0;0
1031171;GRETA CHELSEA II WP;BISON/BLACK;WOMEN;;GRETA CHELSEA II WP W-BISON/BLACK;480;0;0
1032291;HIGHTRAIL MID WP;MEDITERRANEA/BIRCH;WOMEN;;HIGHTRAIL MID WP W-MEDITERRANEA/BIRCH;480;0;0
1029144;KONA FLIP TG;BLACK/STEEL GREY;MEN;;KONA FLIP TG M-BLACK/STEEL GREY;476;0;0
1030148;ASTORIA WEST SANDAL;PLAZA TAUPE/ROASTED PECAN;WOMEN;;ASTORIA WEST SANDAL W-PLAZA TAUPE/ROASTE;473;0;0
1032665;JASPER ZIONIC;CHIPMUNK/SYMPHONIC SUNSET;WOMEN;;JASPER ZIONIC W-CHIPMUNK/SYMPHONIC SUNSE;470;0;0
1032646;JASPER ZIONIC;MAGNET/STEEL GREY;MEN;;JASPER ZIONIC M-MAGNET/STEEL GREY;470;0;0
1032040;TARGHEE APEX WP;SAFARI/BIRCH;WOMEN;;TARGHEE APEX WP W-SAFARI/BIRCH;470;0;0
1031170;GRETA CHELSEA II WP;BLACK/BLACK;WOMEN;;GRETA CHELSEA II WP W-BLACK/BLACK;469;0;0
1031898;ELLE MILA BACKSTRAP;BLACK/BLACK;WOMEN;;ELLE MILA BACKSTRAP W-BLACK/BLACK;468;0;0
1014456;CLEARWATER CNX;RAVEN/TORTOISE SHELL;MEN;;CLEARWATER CNX M-RAVEN/TORTOISE SHELL;466;0;0
1031168;GRETA BOOT II WP;BLACK;WOMEN;;GRETA BOOT II WP W-BLACK;465;0;0
1031308;KOSA OXFORD;BIRCH/SAFARI;WOMEN;;KOSA OXFORD W-BIRCH/SAFARI;465;0;0
1022814;WHISPER;MEDIUM GREY/PEACOCK GREEN;WOMEN;;WHISPER W-MEDIUM GREY/PEACOCK GREEN;463;3;0
1030248;KS86;ALLOY/TOADSTOOL;WOMEN;;KS86 W-ALLOY/TOADSTOOL;459;0;0
1032045;TARGHEE APEX MID WP;ABBEY STONE/BIRCH;WOMEN;;TARGHEE APEX MID WP W-ABBEY STONE/BIRCH;457;0;0
1029002;TARGHEE IV MID WP WIDE;BISON/BLACK;MEN;;TARGHEE IV MID WP WIDE M-BISON/BLACK;457;0;0
1032232;TARGHEE IV WP;STEEL GREY/LILY PAD;WOMEN;;TARGHEE IV WP W-STEEL GREY/LILY PAD;457;0;0
1032555;JASPER MERKO;BIRCH/PLAZA TAUPE;WOMEN;;JASPER MERKO W-BIRCH/PLAZA TAUPE;456;0;0
1032668;JASPER ZIONIC;DESERT SAGE/LEMON GRASS;WOMEN;;JASPER ZIONIC W-DESERT SAGE/LEMON GRASS;455;0;0
1017346;TARGHEE II MID WP;CANTEEN/DARK OLIVE;MEN;;TARGHEE II MID WP M-CANTEEN/DARK OLIVE;454;0;0
1031148;KOSA CHELSEA;BLACK/BLACK;WOMEN;;KOSA CHELSEA W-BLACK/BLACK;453;0;0
1030688;TARGHEE IV MID WP;SEA TURTLE/ROASTED PECAN;MEN;;TARGHEE IV MID WP M-SEA TURTLE/ROASTED P;453;0;0
1029746;TARGHEE IV WP WIDE;BISON/BLACK;MEN;;TARGHEE IV WP WIDE M-BISON/BLACK;453;0;0
1032946;JASPER;BIRCH/CAMEO ROSE;WOMEN;;JASPER W-BIRCH/CAMEO ROSE;447;0;0
1031174;TARGHEE IV SLIP-ON WIDE;JAVA/BLACK;MEN;;TARGHEE IV SLIP-ON WIDE M-JAVA/BLACK;447;0;0
1031164;TARGHEE IV SLIP-ON;BLACK;MEN;;TARGHEE IV SLIP-ON M-BLACK;446;3;0
1031782;TARGHEE IV MID WP WIDE;TRIPLE BLACK;MEN;;TARGHEE IV MID WP WIDE M-TRIPLE BLACK;445;0;0
1031960;WHISPER LITE;BLACK/MAGNET;WOMEN;;WHISPER LITE W-BLACK/MAGNET;445;0;0
1031702;ELLE BACKSTRAP;LILY PAD/BIRCH;WOMEN;;ELLE BACKSTRAP W-LILY PAD/BIRCH;444;0;0
1030351;HIGHTRAIL WP;BIRCH/DAFFODIL;WOMEN;;HIGHTRAIL WP W-BIRCH/DAFFODIL;441;9;0
1032217;TARGHEE APEX WP;VAPOR/STAR WHITE;WOMEN;;TARGHEE APEX WP W-VAPOR/STAR WHITE;434;3;0
1031839;HIGHTRAIL WP;STEEL GREY/THISTLE;WOMEN;;HIGHTRAIL WP W-STEEL GREY/THISTLE;433;0;0
1032795;JASPER ZIONIC WP;BLACK/BLACK;MEN;;JASPER ZIONIC WP M-BLACK/BLACK;433;0;0
1031866;JASPER ZIONIC;THISTLE/BIRCH;WOMEN;;JASPER ZIONIC W-THISTLE/BIRCH;432;0;0
1032293;HIGHTRAIL MID WP;WARM TAUPE/BIRCH;WOMEN;;HIGHTRAIL MID WP W-WARM TAUPE/BIRCH;431;0;0
1033305;TARGHEE IV MID WP WIDE;PLAZA TAUPE/HUCKLEBERRY;WOMEN;;TARGHEE IV MID WP WIDE W-PLAZA TAUPE/HUC;429;0;0
1032850;JASPER MERKO;STEEL GREY/VAPOR;WOMEN;;JASPER MERKO W-STEEL GREY/VAPOR;428;0;0
1029594;KS86;DARK FOREST/STAR WHITE;WOMEN;;KS86 W-DARK FOREST/STAR WHITE;428;0;0
1032556;JASPER MERKO;BLACK/BLACK;WOMEN;;JASPER MERKO W-BLACK/BLACK;426;0;0
1031166;ANCHORAGE BOOT IV WP;DARK EARTH/BLACK;MEN;;ANCHORAGE BOOT IV WP M-DARK EARTH/BLACK;423;0;0
1032616;HOWSER III SLIDE;FRONTIER FLANNEL RED;WOMEN;;HOWSER III SLIDE W-FRONTIER FLANNEL RED;423;0;0
1033033;WHISPER;BLACK/BLACK;WOMEN;;WHISPER W-BLACK/BLACK;422;0;0
1032588;TARGHEE II MID WP;BLACK OLIVE/CHIPMUNK;MEN;;TARGHEE II MID WP M-BLACK OLIVE/CHIPMUNK;421;0;0
1032768;TARGHEE APEX WP;JAVA/DARK EARTH;MEN;;TARGHEE APEX WP M-JAVA/DARK EARTH;419;0;0
1030691;TARGHEE IV WP;SEA TURTLE/ROASTED PECAN;MEN;;TARGHEE IV WP M-SEA TURTLE/ROASTED PECAN;418;0;0
1023997;HOWSER II;TRIPLE BLACK;MEN;;HOWSER II M-TRIPLE BLACK;415;3;0
1032667;JASPER ZIONIC;KHAKI/ABBEY STONE;WOMEN;;JASPER ZIONIC W-KHAKI/ABBEY STONE;414;0;0
1032783;UNEEK TREKKER;BLACK/KEEN MAPLE;MEN;;UNEEK TREKKER M-BLACK/KEEN MAPLE;414;0;0
1023981;HOWSER II;TRIPLE BLACK;WOMEN;;HOWSER II W-TRIPLE BLACK;413;0;0
1032224;BALI TG LTR;BLACK/BLACK;WOMEN;;BALI TG LTR W-BLACK/BLACK;411;0;0
1033032;WHISPER;SAFARI/BIRCH;WOMEN;;WHISPER W-SAFARI/BIRCH;408;0;0
1031169;GRETA BOOT II WP;BISON;WOMEN;;GRETA BOOT II WP W-BISON;406;0;0
1031040;HOWSER III SLIDE;BRINDLE/BRINDLE SHERPA FLEECE;WOMEN;;HOWSER III SLIDE W-BRINDLE/BRINDLE SHERP;406;0;0
1032785;UNEEK TREKKER;SAFARI/MEDITERRANEA;MEN;;UNEEK TREKKER M-SAFARI/MEDITERRANEA;406;0;0
1033306;TARGHEE APEX WP WIDE;BRINDLE/CANTEEN;MEN;;TARGHEE APEX WP WIDE M-BRINDLE/CANTEEN;405;0;0
1029731;HOWSER II;BIRCH/CURRY;WOMEN;;HOWSER II W-BIRCH/CURRY;404;0;0
1028998;TARGHEE IV VENT;BISON/GOLDEN YELLOW;MEN;;TARGHEE IV VENT M-BISON/GOLDEN YELLOW;402;0;0
1031842;HIGHTRAIL WP;FOREST NIGHT/DARK OLIVE;MEN;;HIGHTRAIL WP M-FOREST NIGHT/DARK OLIVE;398;5;0
1032849;JASPER MERKO;STEEL GREY/VAPOR;MEN;;JASPER MERKO M-STEEL GREY/VAPOR;398;0;0
1031863;JASPER ZIONIC;MEDITERRANEA/PALE LILAC;WOMEN;;JASPER ZIONIC W-MEDITERRANEA/PALE LILAC;395;0;0
1032613;HOWSER III SLIDE;BLACK QUILTED;WOMEN;;HOWSER III SLIDE W-BLACK QUILTED;390;0;0
1031150;KOSA CHELSEA;BISON/BLACK;WOMEN;;KOSA CHELSEA W-BISON/BLACK;390;0;0
1032341;TARGHEE APEX MID WP WIDE;DARK OLIVE/KHAKI;MEN;;TARGHEE APEX MID WP WIDE M-DARK OLIVE/KH;389;0;0
1032784;UNEEK TREKKER;MEDITERRANEA/ROOIBOS TEA;MEN;;UNEEK TREKKER M-MEDITERRANEA/ROOIBOS TEA;386;0;0
1031835;HIGHTRAIL MID WP;SAFARI/STEEL GREY;MEN;;HIGHTRAIL MID WP M-SAFARI/STEEL GREY;384;0;0
1004156;PYRENEES;SYRUP;WOMEN;;PYRENEES W-SYRUP;384;0;0
1029437;HOWSER III SLIDE;PLAZA TAUPE/BLACK;WOMEN;;HOWSER III SLIDE W-PLAZA TAUPE/BLACK;380;0;0
1031778;TARGHEE IV WP;ABBEY STONE/LILY PAD;WOMEN;;TARGHEE IV WP W-ABBEY STONE/LILY PAD;379;0;0
1031781;TARGHEE IV WP;JAVA/BISON;MEN;;TARGHEE IV WP M-JAVA/BISON;376;0;0
1031703;ELLE BACKSTRAP;GARNET/BIRCH;WOMEN;;ELLE BACKSTRAP W-GARNET/BIRCH;375;0;0
1031045;HOWSER III SLIDE;MAGNET/BIRCH;WOMEN;;HOWSER III SLIDE W-MAGNET/BIRCH;366;0;0
1030623;KNX T-TOE;BIRCH/PLAZA TAUPE;MEN;;KNX T-TOE M-BIRCH/PLAZA TAUPE;366;0;0
1032971;TARGHEE II MID WP WIDE;BLACK OLIVE/CHIPMUNK;MEN;;TARGHEE II MID WP WIDE M-BLACK OLIVE/CHI;366;0;0
1031834;HIGHTRAIL MID WP;SAFARI/BLACK;MEN;;HIGHTRAIL MID WP M-SAFARI/BLACK;361;0;0
1032940;JASPER;ALLOY/BIRCH;WOMEN;;JASPER W-ALLOY/BIRCH;360;0;0
1032812;BALI TG LTR;MESA GLOW;WOMEN;;BALI TG LTR W-MESA GLOW;358;0;0
1029017;TARGHEE IV MID WP WIDE;BRINDLE/NOSTALGIA ROSE;WOMEN;;TARGHEE IV MID WP WIDE W-BRINDLE/NOSTALG;358;0;0
1029129;WAIMEA TG;BLACK/BLACK;MEN;;WAIMEA TG M-BLACK/BLACK;356;0;0
1018822;NEWPORT RETRO;ORIGINAL TIE DYE;WOMEN;;NEWPORT RETRO W-ORIGINAL TIE DYE;355;0;0
1032053;TARGHEE APEX MID WP;BLACK/GOLDEN CYPRESS;MEN;;TARGHEE APEX MID WP M-BLACK/GOLDEN CYPRE;352;0;0
1032032;TARGHEE APEX WP;DARK OLIVE/KHAKI;MEN;;TARGHEE APEX WP M-DARK OLIVE/KHAKI;351;0;0
1031844;HIGHTRAIL WP;SAFARI/ROASTED PECAN;MEN;;HIGHTRAIL WP M-SAFARI/ROASTED PECAN;350;0;0
1031910;HYPERPORT H2;PINK LEMONADE/PEACH FUZZ;YOUTH;;HYPERPORT H2 Y-PINK LEMONADE/PEACH FUZZ;350;0;0
1032742;HYPOWSER CHUKKA WP;FOREST NIGHT/GARNET;YOUTH;;HYPOWSER CHUKKA WP Y-FOREST NIGHT/GARNET;350;0;0
1031287;KS86;BIRCH/STAR WHITE;YOUTH;;KS86 Y-BIRCH/STAR WHITE;350;0;0
1032289;HIGHTRAIL MID WP;MAGNET/BURNT BRICK;MEN;;HIGHTRAIL MID WP M-MAGNET/BURNT BRICK;349;0;0
1032022;JASPER ZIONIC;SAFARI/WAX YELLOW;YOUTH;;JASPER ZIONIC Y-SAFARI/WAX YELLOW;348;0;0
1032740;HYPOWSER CHUKKA WP;CHIPMUNK/BALTIC;YOUTH;;HYPOWSER CHUKKA WP Y-CHIPMUNK/BALTIC;347;0;0
1008418;TARGHEE II MID WP;SHITAKE/BRINDLE;MEN;;TARGHEE II MID WP M-SHITAKE/BRINDLE;347;0;0
1032647;JASPER ZIONIC;ABBEY STONE/LILY PAD;MEN;;JASPER ZIONIC M-ABBEY STONE/LILY PAD;346;0;0
1031137;ZIONIC MID WP;NAVAL ACADEMY/NASTURTIUM;YOUTH;;ZIONIC MID WP Y-NAVAL ACADEMY/NASTURTIUM;341;0;0
1030703;HIGHTRAIL MID WP;DARK EARTH/OAK BUFF;MEN;;HIGHTRAIL MID WP M-DARK EARTH/OAK BUFF;335;3;0
1028863;UNEEK;MAGNET/STEEL GREY;MEN;;UNEEK M-MAGNET/STEEL GREY;333;0;0
1029140;NEWPORT H2;NAVAL ACADEMY/KEEN YELLOW;YOUTH;;NEWPORT H2 Y-NAVAL ACADEMY/KEEN YELLOW;329;0;0
1032636;TARGHEE IV MID WP;PLAZA TAUPE/HUCKLEBERRY;WOMEN;;TARGHEE IV MID WP W-PLAZA TAUPE/HUCKLEBE;320;0;0
1032219;HIGHTRAIL MID WP;PURPLE HAZE/THISTLE;YOUTH;;HIGHTRAIL MID WP Y-PURPLE HAZE/THISTLE;319;0;0
1027291;UNEEK ASTORIA;BIRCH/SILVER BIRCH;WOMEN;;UNEEK ASTORIA W-BIRCH/SILVER BIRCH;319;0;0
1032120;WHISPER;LILY PAD;WOMEN;;WHISPER W-LILY PAD;318;0;0
1032621;HOWSER III SLIDE;FRONTIER FLANNEL BRINDLE;MEN;;HOWSER III SLIDE M-FRONTIER FLANNEL BRIN;317;0;0
1031149;KOSA CHELSEA;BRINDLE/BLACK;WOMEN;;KOSA CHELSEA W-BRINDLE/BLACK;317;0;0
1032553;JASPER MERKO;BIRCH/PLAZA TAUPE;MEN;;JASPER MERKO M-BIRCH/PLAZA TAUPE;316;0;0
1030399;JASPER ZIONIC;SAFARI/GIGGLE PINK;WOMEN;;JASPER ZIONIC W-SAFARI/GIGGLE PINK;314;3;0
1032796;JASPER ZIONIC WP;STEEL GREY/BLACK;MEN;;JASPER ZIONIC WP M-STEEL GREY/BLACK;313;0;0
1032937;NEWPORT H2;GRADIENT VAPOR;WOMEN;;NEWPORT H2 W-GRADIENT VAPOR;313;0;0
1026259;JASPER;BRINDLE/TILLANDSIA PURPLE;WOMEN;;JASPER W-BRINDLE/TILLANDSIA PURPLE;312;0;0
1029827;TARGHEE IV WP;TRIPLE BLACK;MEN;;TARGHEE IV WP M-TRIPLE BLACK;308;0;0
1030511;HIGHTRAIL WP WIDE;BRINDLE/BIRCH;MEN;;HIGHTRAIL WP WIDE M-BRINDLE/BIRCH;307;3;0
1032811;TARGHEE APEX MID WP WIDE;ALLOY/BLACK;MEN;;TARGHEE APEX MID WP WIDE M-ALLOY/BLACK;302;0;0
1032072;HIGHTRAIL MID WP;DARK OLIVE/MARTINI OLIVE;CHILDREN;;HIGHTRAIL MID WP C-DARK OLIVE/MARTINI OL;300;0;0
1032066;HIGHTRAIL WP;BIRCH/DAFFODIL;CHILDREN;;HIGHTRAIL WP C-BIRCH/DAFFODIL;300;0;0
1032067;HIGHTRAIL WP;BRINDLE/OAK BUFF;CHILDREN;;HIGHTRAIL WP C-BRINDLE/OAK BUFF;300;0;0
1032069;HIGHTRAIL WP;VINTAGE INDIGO/ALLOY;CHILDREN;;HIGHTRAIL WP C-VINTAGE INDIGO/ALLOY;300;0;0
1031923;HYPERPORT H2;NAVAL ACADEMY/VIBRANT GREEN;CHILDREN;;HYPERPORT H2 C-NAVAL ACADEMY/VIBRANT GRE;300;0;0
1032060;JASPER ZIONIC;SAFARI/WAX YELLOW;CHILDREN;;JASPER ZIONIC C-SAFARI/WAX YELLOW;300;0;0
1031284;KS86;BIRCH/STAR WHITE;CHILDREN;;KS86 C-BIRCH/STAR WHITE;300;0;0
1018363;MOXIE SANDAL;SILVER;CHILDREN;;MOXIE SANDAL C-SILVER;300;0;0
1029804;TARGHEE IV LOW WP;REEF WATERS/DAIQUIRI GREEN;CHILDREN;;TARGHEE IV LOW WP C-REEF WATERS/DAIQUIRI;300;0;0
1029613;TARGHEE IV MID WP;ALLOY/GRANITE GREEN;CHILDREN;;TARGHEE IV MID WP C-ALLOY/GRANITE GREEN;300;0;0
1032658;TARGHEE IV MID WP;MEDITERRANEA/FLAME ORANGE;CHILDREN;;TARGHEE IV MID WP C-MEDITERRANEA/FLAME O;300;0;0
1032020;JASPER ZIONIC;CASHMERE ROSE/GIGGLE PINK;YOUTH;;JASPER ZIONIC Y-CASHMERE ROSE/GIGGLE PIN;298;0;0
1025550;HOWSER III SLIDE;CHARCOAL GREY FELT/BLACK;MEN;;HOWSER III SLIDE M-CHARCOAL GREY FELT/BL;297;0;0
1031271;KNX T-TOE DS;LILAS/STAR WHITE;CHILDREN;;KNX T-TOE DS C-LILAS/STAR WHITE;297;0;0
1029147;KONA FLIP TG;BLACK/VAPOR;WOMEN;;KONA FLIP TG W-BLACK/VAPOR;296;0;0
1032634;TARGHEE IV MID WP;TUMBLED JAVA;MEN;;TARGHEE IV MID WP M-TUMBLED JAVA;296;0;0
1032790;UNEEK TREKKER;HUCKLEBERRY/LEMON GRASS;WOMEN;;UNEEK TREKKER W-HUCKLEBERRY/LEMON GRASS;294;0;0
1032788;UNEEK TREKKER;VIOLET QUARTZ/AQUIFER;WOMEN;;UNEEK TREKKER W-VIOLET QUARTZ/AQUIFER;294;0;0
1018441;NEWPORT H2;RAINBOW TIE DYE;YOUTH;;NEWPORT H2 Y-RAINBOW TIE DYE;291;0;0
1031922;HYPERPORT H2;BRIGHT AQUA/WAX YELLOW;CHILDREN;;HYPERPORT H2 C-BRIGHT AQUA/WAX YELLOW;290;0;0
1031991;HYPERFLT;PURPLE HAZE/PEACH FUZZ;CHILDREN;;HYPERFLT C-PURPLE HAZE/PEACH FUZZ;288;0;0
1028832;MOXIE SANDAL;NOSTALGIA ROSE/PAPAYA PUNCH;CHILDREN;;MOXIE SANDAL C-NOSTALGIA ROSE/PAPAYA PUN;287;0;0
1032832;HYPOWSER CHUKKA WP;FOREST NIGHT/GARNET;CHILDREN;;HYPOWSER CHUKKA WP C-FOREST NIGHT/GARNET;286;0;0
1032637;TARGHEE IV MID WP;TUMBLED CHOCOLATE;WOMEN;;TARGHEE IV MID WP W-TUMBLED CHOCOLATE;286;0;0
1032777;JASPER ZIONIC;AQUIFER/SCENIC GREEN;CHILDREN;;JASPER ZIONIC C-AQUIFER/SCENIC GREEN;284;0;0
1031250;ZIONIC MID WP;NAVAL ACADEMY/NASTURTIUM;CHILDREN;;ZIONIC MID WP C-NAVAL ACADEMY/NASTURTIUM;284;0;0
1029143;KONA FLIP TG;JAVA/DARK EARTH;MEN;;KONA FLIP TG M-JAVA/DARK EARTH;283;0;0
1032050;TARGHEE APEX MID WP;FIG/BURNT BRICK;WOMEN;;TARGHEE APEX MID WP W-FIG/BURNT BRICK;282;0;0
1032778;JASPER ZIONIC;CHIPMUNK/BALTIC;CHILDREN;;JASPER ZIONIC C-CHIPMUNK/BALTIC;281;0;0
1031918;HYPERPORT H2;PINK LEMONADE/PEACH FUZZ;CHILDREN;;HYPERPORT H2 C-PINK LEMONADE/PEACH FUZZ;277;0;0
1026592;JASPER;HAIRY BLACK/BLACK;MEN;;JASPER M-HAIRY BLACK/BLACK;273;0;0
1032830;HYPOWSER CHUKKA WP;CHIPMUNK/BALTIC;CHILDREN;;HYPOWSER CHUKKA WP C-CHIPMUNK/BALTIC;272;0;0
1032737;JASPER ZIONIC;CHIPMUNK/BALTIC;YOUTH;;JASPER ZIONIC Y-CHIPMUNK/BALTIC;271;0;0
1032952;HOWSER II;NAVAL ACADEMY CORDUROY;MEN;;HOWSER II M-NAVAL ACADEMY CORDUROY;270;0;0
1031992;HYPERFLT;BRONZE GREEN/ORANGE PEEL;CHILDREN;;HYPERFLT C-BRONZE GREEN/ORANGE PEEL;268;0;0
1032941;JASPER;FADED DENIM/MAGNET;WOMEN;;JASPER W-FADED DENIM/MAGNET;266;0;0
1028162;HOWSER III SLIDE;BLACK SMOOTH NYLON;WOMEN;;HOWSER III SLIDE W-BLACK SMOOTH NYLON;265;0;0
1032827;HYPOWSER CHUKKA WP;BLACK/BIRCH;CHILDREN;;HYPOWSER CHUKKA WP C-BLACK/BIRCH;265;0;0
1032938;NEWPORT H2;GRADIENT MEDITERRANEA;WOMEN;;NEWPORT H2 W-GRADIENT MEDITERRANEA;263;0;0
1029794;TARGHEE IV LOW WP;REEF WATERS/DAIQUIRI GREEN;YOUTH;;TARGHEE IV LOW WP Y-REEF WATERS/DAIQUIRI;263;0;0
1032019;JASPER ZIONIC;BRONZE GREEN/EVENING PRIMROSE;YOUTH;;JASPER ZIONIC Y-BRONZE GREEN/EVENING PRI;261;0;0
1032057;JASPER ZIONIC;CASHMERE ROSE/GIGGLE PINK;CHILDREN;;JASPER ZIONIC C-CASHMERE ROSE/GIGGLE PIN;260;0;0
1031798;KS86;LILY PAD/BIRCH;WOMEN;;KS86 W-LILY PAD/BIRCH;260;3;0
1032743;HYPOWSER CHUKKA WP;BLACK/BIRCH;YOUTH;;HYPOWSER CHUKKA WP Y-BLACK/BIRCH;259;0;0
1032633;TARGHEE IV MID WP;MAGNET/BLACK;MEN;;TARGHEE IV MID WP M-MAGNET/BLACK;259;0;0
1032298;HIGHTRAIL WP;CANTEEN/BLACK;MEN;;HIGHTRAIL WP M-CANTEEN/BLACK;258;2;0
1004337;JASPER;CATHAY SPICE/ORION BLUE;WOMEN;;JASPER W-CATHAY SPICE/ORION BLUE;258;0;0
1029610;TARGHEE IV MID WP;BISON/BRINDLE;CHILDREN;;TARGHEE IV MID WP C-BISON/BRINDLE;258;0;0
1032583;NEWPORT H2;MESA GLOW;MEN;;NEWPORT H2 M-MESA GLOW;254;0;0
1032666;JASPER ZIONIC;ALLOY/MEDITERRANEA;WOMEN;;JASPER ZIONIC W-ALLOY/MEDITERRANEA;252;0;0
1030791;NEWPORT H2;RASPBERRY/GIGGLE PINK;YOUTH;;NEWPORT H2 Y-RASPBERRY/GIGGLE PINK;250;0;0
1031172;GRETA CHELSEA II WP;DARK OLIVE/BLACK;WOMEN;;GRETA CHELSEA II WP W-DARK OLIVE/BLACK;249;0;0
1032618;HOWSER III SLIDE;BLACK QUILTED;MEN;;HOWSER III SLIDE M-BLACK QUILTED;249;0;0
1032939;NEWPORT H2;MESA GLOW;WOMEN;;NEWPORT H2 W-MESA GLOW;249;0;0
1018698;UNEEK;WHITE CAP/CORNSTALK;WOMEN;;UNEEK W-WHITE CAP/CORNSTALK;249;0;0
1032779;JASPER ZIONIC;NAVAL ACADEMY/FLAME ORANGE;CHILDREN;;JASPER ZIONIC C-NAVAL ACADEMY/FLAME ORAN;246;0;0
1029615;TARGHEE IV LOW WP;BLACK/STEEL GREY;CHILDREN;;TARGHEE IV LOW WP C-BLACK/STEEL GREY;246;0;0
1030611;HYPERPORT H2;BIRCH/PLAZA TAUPE;MEN;;HYPERPORT H2 M-BIRCH/PLAZA TAUPE;244;9;0
1030813;SEACAMP II CNX;DUBARRY/GIGGLE PINK;YOUTH;;SEACAMP II CNX Y-DUBARRY/GIGGLE PINK;242;0;0
1032741;HYPOWSER CHUKKA WP;HUCKLEBERRY/VIOLET QUARTZ;YOUTH;;HYPOWSER CHUKKA WP Y-HUCKLEBERRY/VIOLET;241;0;0
1032220;HIGHTRAIL MID WP;DARK EARTH/GARNET;CHILDREN;;HIGHTRAIL MID WP C-DARK EARTH/GARNET;240;0;0
1032780;JASPER ZIONIC;VIOLET QUARTZ VELOUR;CHILDREN;;JASPER ZIONIC C-VIOLET QUARTZ VELOUR;240;0;0
1032829;HYPOWSER CHUKKA WP;HUCKLEBERRY/VIOLET QUARTZ;CHILDREN;;HYPOWSER CHUKKA WP C-HUCKLEBERRY/VIOLET;239;0;0
1032673;ZIONIC WP;MAGNET/EVENING PRIMROSE;YOUTH;;ZIONIC WP Y-MAGNET/EVENING PRIMROSE;234;0;0
1031921;HYPERPORT H2;BLACK/STEEL GREY;CHILDREN;;HYPERPORT H2 C-BLACK/STEEL GREY;230;0;0
1032936;NEWPORT H2;GRADIENT CAMEO ROSE;WOMEN;;NEWPORT H2 W-GRADIENT CAMEO ROSE;229;0;0
1032643;TARGHEE IV MID WP;MEDITERRANEA/FLAME ORANGE;YOUTH;;TARGHEE IV MID WP Y-MEDITERRANEA/FLAME O;229;0;0
1032733;JASPER ZIONIC;VIOLET QUARTZ VELOUR;YOUTH;;JASPER ZIONIC Y-VIOLET QUARTZ VELOUR;228;0;0
1032119;NEWPORT H2;TRI-BLOCK BIRCH;WOMEN;;NEWPORT H2 W-TRI-BLOCK BIRCH;228;0;0
1032735;JASPER ZIONIC;NAVAL ACADEMY/FLAME ORANGE;YOUTH;;JASPER ZIONIC Y-NAVAL ACADEMY/FLAME ORAN;225;0;0
1030828;KNX T-TOE DS;BLACK/STAR WHITE;CHILDREN;;KNX T-TOE DS C-BLACK/STAR WHITE;215;0;0
1030768;SEACAMP II CNX;MOONLITE MAUVE/GIGGLE PINK;YOUTH;;SEACAMP II CNX Y-MOONLITE MAUVE/GIGGLE P;215;0;0
1032058;JASPER ZIONIC;BRONZE GREEN/EVENING PRIMROSE;CHILDREN;;JASPER ZIONIC C-BRONZE GREEN/EVENING PRI;214;0;0
1031915;HYPERPORT H2;NAVAL ACADEMY/VIBRANT GREEN;YOUTH;;HYPERPORT H2 Y-NAVAL ACADEMY/VIBRANT GRE;212;0;0
1028850;SEACAMP II CNX;CORONET BLUE/HOT PINK;YOUTH;;SEACAMP II CNX Y-CORONET BLUE/HOT PINK;208;0;0
1032063;HIGHTRAIL WP;BRINDLE/OAK BUFF;YOUTH;;HIGHTRAIL WP Y-BRINDLE/OAK BUFF;207;0;0
1031927;HYPERPORT H2;NAVAL ACADEMY/VIBRANT GREEN;TOTS;;HYPERPORT H2 T-NAVAL ACADEMY/VIBRANT GRE;200;0;0
1031924;HYPERPORT H2;PINK LEMONADE/PEACH FUZZ;TOTS;;HYPERPORT H2 T-PINK LEMONADE/PEACH FUZZ;200;0;0
1031393;KNX T-TOE DS;LILAS/STAR WHITE;TOTS;;KNX T-TOE DS T-LILAS/STAR WHITE;200;0;0
1032002;HYPERFLT;BRONZE GREEN/ORANGE PEEL;TOTS;;HYPERFLT T-BRONZE GREEN/ORANGE PEEL;191;0;0
1032003;HYPERFLT;AZURE BLUE/DAFFODIL;TOTS;;HYPERFLT T-AZURE BLUE/DAFFODIL;159;0;0
1008419;ARROYO II;BLACK OLIVE/BOMBAY BROWN;MEN;;ARROYO II M-BLACK OLIVE/BOMBAY BROWN;0;9;0
1027139;ARROYO II;CANTEEN/BLACK;MEN;;ARROYO II M-CANTEEN/BLACK;0;5;0
1002990;AUSTIN;BLACK;MEN;;AUSTIN M-BLACK;0;2;0
1007722;AUSTIN;CHOCOLATE BROWN;MEN;;AUSTIN M-CHOCOLATE BROWN;0;2;0
1030508;HIGHTRAIL MID WP WIDE;BRINDLE/OAK BUFF;MEN;;HIGHTRAIL MID WP WIDE M-BRINDLE/OAK BUFF;0;3;0
1030352;HIGHTRAIL WP;BRINDLE/BIRCH;MEN;;HIGHTRAIL WP M-BRINDLE/BIRCH;0;8;0
1032297;HIGHTRAIL WP;MAGNET/ALLOY;MEN;;HIGHTRAIL WP M-MAGNET/ALLOY;0;2;0
1029441;HOWSER III SLIDE;BLACK/BLACK RECYCLED;MEN;;HOWSER III SLIDE M-BLACK/BLACK RECYCLED;0;3;0
1030723;HYPERPORT FISHERMAN LEATHER;BRINDLE/OA;MEN;;HYPERPORT FISHERMAN LEATHER M-BRINDLE/OA;0;3;0
1030722;HYPERPORT FISHERMAN LEATHER;DARK OLIVE;MEN;;HYPERPORT FISHERMAN LEATHER M-DARK OLIVE;0;3;0
1031802;KS86;ALLOY/CAMEO ROSE;WOMEN;;KS86 W-ALLOY/CAMEO ROSE;0;2;0
1031804;KS86;SKY CAPTAIN/BIRCH;WOMEN;;KS86 W-SKY CAPTAIN/BIRCH;0;3;0
1030777;KS86;STEEL GREY/ALLOY;MEN;;KS86 M-STEEL GREY/ALLOY;0;3;0
1011400;PRESIDIO;BLACK/MAGNET;WOMEN;;PRESIDIO W-BLACK/MAGNET;0;13;0
1011401;PRESIDIO;CASCADE/SHITAKE;WOMEN;;PRESIDIO W-CASCADE/SHITAKE;0;11;0
1030389;SEANIK H2;BLACK/MAGNET;MEN;;SEANIK H2 M-BLACK/MAGNET;0;3;0
1030387;SEANIK H2;FOREST NIGHT/DARK OLIVE;MEN;;SEANIK H2 M-FOREST NIGHT/DARK OLIVE;0;3;0